{
    "name": "root",
    "gauges": {
        "MoveToGoal.Policy.Entropy.mean": {
            "value": 1.4200663566589355,
            "min": 1.4093681573867798,
            "max": 1.4393393993377686,
            "count": 9
        },
        "MoveToGoal.Policy.Entropy.sum": {
            "value": 14229.0654296875,
            "min": 14109.404296875,
            "max": 14713.8037109375,
            "count": 9
        },
        "MoveToGoal.Environment.EpisodeLength.mean": {
            "value": 8.574669187145558,
            "min": 8.574669187145558,
            "max": 75.05426356589147,
            "count": 9
        },
        "MoveToGoal.Environment.EpisodeLength.sum": {
            "value": 9072.0,
            "min": 8888.0,
            "max": 9936.0,
            "count": 9
        },
        "MoveToGoal.Step.mean": {
            "value": 89976.0,
            "min": 9986.0,
            "max": 89976.0,
            "count": 9
        },
        "MoveToGoal.Step.sum": {
            "value": 89976.0,
            "min": 9986.0,
            "max": 89976.0,
            "count": 9
        },
        "MoveToGoal.Policy.ExtrinsicValueEstimate.mean": {
            "value": 0.9132139682769775,
            "min": 0.003867920022457838,
            "max": 0.9254840612411499,
            "count": 9
        },
        "MoveToGoal.Policy.ExtrinsicValueEstimate.sum": {
            "value": 980.7918090820312,
            "min": 0.8664140701293945,
            "max": 980.7918090820312,
            "count": 9
        },
        "MoveToGoal.Environment.CumulativeReward.mean": {
            "value": 0.9603024574669187,
            "min": -0.078125,
            "max": 0.9786368260427264,
            "count": 9
        },
        "MoveToGoal.Environment.CumulativeReward.sum": {
            "value": 1016.0,
            "min": -10.0,
            "max": 1016.0,
            "count": 9
        },
        "MoveToGoal.Policy.ExtrinsicReward.mean": {
            "value": 0.9603024574669187,
            "min": -0.078125,
            "max": 0.9786368260427264,
            "count": 9
        },
        "MoveToGoal.Policy.ExtrinsicReward.sum": {
            "value": 1016.0,
            "min": -10.0,
            "max": 1016.0,
            "count": 9
        },
        "MoveToGoal.Losses.PolicyLoss.mean": {
            "value": 0.24548199323983247,
            "min": 0.23496536166413018,
            "max": 0.24963484781696346,
            "count": 9
        },
        "MoveToGoal.Losses.PolicyLoss.sum": {
            "value": 22.09337939158492,
            "min": 15.82110608175174,
            "max": 22.338365961921312,
            "count": 9
        },
        "MoveToGoal.Losses.ValueLoss.mean": {
            "value": 0.02467594264803568,
            "min": 0.022135891158070763,
            "max": 0.08290950941502123,
            "count": 9
        },
        "MoveToGoal.Losses.ValueLoss.sum": {
            "value": 2.2208348383232113,
            "min": 1.859414857277944,
            "max": 6.398130095205017,
            "count": 9
        },
        "MoveToGoal.Policy.LearningRate.mean": {
            "value": 0.00024896690367770443,
            "min": 0.00024896690367770443,
            "max": 0.0002966166920368605,
            "count": 9
        },
        "MoveToGoal.Policy.LearningRate.sum": {
            "value": 0.0224070213309934,
            "min": 0.019576701674432796,
            "max": 0.024792806235731397,
            "count": 9
        },
        "MoveToGoal.Policy.Epsilon.mean": {
            "value": 0.18298896222222227,
            "min": 0.18298896222222227,
            "max": 0.19887223030303033,
            "count": 9
        },
        "MoveToGoal.Policy.Epsilon.sum": {
            "value": 16.469006600000004,
            "min": 13.125567200000003,
            "max": 16.9642686,
            "count": 9
        },
        "MoveToGoal.Policy.Beta.mean": {
            "value": 0.0005000000000000001,
            "min": 0.0005,
            "max": 0.0005000000000000001,
            "count": 9
        },
        "MoveToGoal.Policy.Beta.sum": {
            "value": 0.04500000000000001,
            "min": 0.033,
            "max": 0.04550000000000001,
            "count": 9
        },
        "MoveToGoal.IsTraining.mean": {
            "value": 1.0,
            "min": 1.0,
            "max": 1.0,
            "count": 9
        },
        "MoveToGoal.IsTraining.sum": {
            "value": 1.0,
            "min": 1.0,
            "max": 1.0,
            "count": 9
        }
    },
    "metadata": {
        "timer_format_version": "0.1.0",
        "start_time_seconds": "1744606838",
        "python_version": "3.9.13 (tags/v3.9.13:6de2ca5, May 17 2022, 16:36:42) [MSC v.1929 64 bit (AMD64)]",
        "command_line_arguments": "C:\\Users\\malia\\ML_Agents\\venv\\Scripts\\mlagents-learn config/moveToGoal.yaml --run-id=MoveToGoal",
        "mlagents_version": "0.30.0",
        "mlagents_envs_version": "0.30.0",
        "communication_protocol_version": "1.5.0",
        "pytorch_version": "2.6.0+cpu",
        "numpy_version": "1.21.2",
        "end_time_seconds": "1744607249"
    },
    "total": 410.9369983,
    "count": 1,
    "self": 0.018844800000067607,
    "children": {
        "run_training.setup": {
            "total": 0.11454180000000003,
            "count": 1,
            "self": 0.11454180000000003
        },
        "TrainerController.start_learning": {
            "total": 410.8036117,
            "count": 1,
            "self": 0.3638273000025265,
            "children": {
                "TrainerController._reset_env": {
                    "total": 16.6882339,
                    "count": 1,
                    "self": 16.6882339
                },
                "TrainerController.advance": {
                    "total": 393.5637661999974,
                    "count": 8823,
                    "self": 0.31661259999611957,
                    "children": {
                        "env_step": {
                            "total": 71.18041080000091,
                            "count": 8823,
                            "self": 63.520395400002165,
                            "children": {
                                "SubprocessEnvManager._take_step": {
                                    "total": 7.474731699998959,
                                    "count": 8823,
                                    "self": 0.6310257999994882,
                                    "children": {
                                        "TorchPolicy.evaluate": {
                                            "total": 6.84370589999947,
                                            "count": 4630,
                                            "self": 6.84370589999947
                                        }
                                    }
                                },
                                "workers": {
                                    "total": 0.18528369999978977,
                                    "count": 8823,
                                    "self": 0.0,
                                    "children": {
                                        "worker_root": {
                                            "total": 396.7255962999982,
                                            "count": 8823,
                                            "is_parallel": true,
                                            "self": 349.7133818999972,
                                            "children": {
                                                "steps_from_proto": {
                                                    "total": 0.0003268999999992417,
                                                    "count": 1,
                                                    "is_parallel": true,
                                                    "self": 0.00010679999999929635,